Patti	﻿Patti	﻿Patti@gmail.com	11111	1111111111
lisa	lisa	lisa@gmail.com	22222	2222222222
Candace	Candace	Candace@gmail.com	33333	3333333333
Tammy	Tammy	Tammy@gmail.com	44444	4444444444
Sabrina	Sabrina	Sabrina@gmail.com	55555	5555555555
theresa	theresa	theresa@gmail.com	66666	6666666666
Caroline	Caroline	Caroline@gmail.com	77777	7777777777
Rachel	Rachel	Rachel@gmail.com	88888	8888888888
Brittne	Brittne	Brittne@gmail.com	99999	9999999999
Thomas	Thomas	Thomas@gmail.com	10101	1010110101
Davonta	Davonta	Davonta@gmail.com	11111	1111111111
efeso	efeso	efeso@gmail.com	12121	1212112121
YEMTI	YEMTI	YEMTI@gmail.com	13131	1313113131
Caroline	Caroline	Caroline@gmail.com	14141	1414114141
Kimberly	Kimberly	Kimberly@gmail.com	15151	1515115151
Ashley	Ashley	Ashley@gmail.com	16161	1616116161
DAISY	DAISY	DAISY@gmail.com	17171	1717117171
fatiamah	fatiamah	fatiamah@gmail.com	18181	1818118181
Renada	Renada	Renada@gmail.com	19191	1919119191
Mindy	Mindy	Mindy@gmail.com	20202	2020220202
Lisa	Lisa	Lisa@gmail.com	21212	2121221212
jacky	jacky	jacky@gmail.com	22222	2222222222
c	c	c@gmail.com	23232	2323223232
MILAYS	MILAYS	MILAYS@gmail.com	24242	2424224242
Jessie	Jessie	Jessie@gmail.com	25252	2525225252
Melissa	Melissa	Melissa@gmail.com	26262	2626226262
Diana	Diana	Diana@gmail.com	27272	2727227272
evelyn	evelyn	evelyn@gmail.com	28282	2828228282
Michelle	Michelle	Michelle@gmail.com	29292	2929229292
Chiffon	Chiffon	Chiffon@gmail.com	30303	3030330303
Kitsey	Kitsey	Kitsey@gmail.com	31313	3131331313
Joan	Joan	Joan@gmail.com	32323	3232332323
MARSHA	MARSHA	MARSHA@gmail.com	33333	3333333333
brian	brian	brian@gmail.com	34343	3434334343
elizabeth	elizabeth	elizabeth@gmail.com	35353	3535335353
dustan	dustan	dustan@gmail.com	36363	3636336363
Terrie	Terrie	Terrie@gmail.com	37373	3737337373
NANCY	NANCY	NANCY@gmail.com	38383	3838338383
valerie	valerie	valerie@gmail.com	39393	3939339393
jaclyn	jaclyn	jaclyn@gmail.com	40404	4040440404
Christy	Christy	Christy@gmail.com	41414	4141441414
Kamie	Kamie	Kamie@gmail.com	42424	4242442424
Liz	Liz	Liz@gmail.com	43434	4343443434
Lusine	Lusine	Lusine@gmail.com	44444	4444444444
Jenifer	Jenifer	Jenifer@gmail.com	45454	4545445454
Marjorie	Marjorie	Marjorie@gmail.com	46464	4646446464
kirsty	kirsty	kirsty@gmail.com	47474	4747447474
Mariam	Mariam	Mariam@gmail.com	48484	4848448484
Donald	Donald	Donald@gmail.com	49494	4949449494
Myth	Myth	Myth@gmail.com	50505	5050550505
brooke	brooke	brooke@gmail.com	51515	5151551515
Autsin	Autsin	Autsin@gmail.com	52525	5252552525
celina	celina	celina@gmail.com	53535	5353553535
Brenda	Brenda	Brenda@gmail.com	54545	5454554545
Jenny	Jenny	Jenny@gmail.com	55555	5555555555
ilyas	ilyas	ilyas@gmail.com	56565	5656556565
Noah	Noah	Noah@gmail.com	57575	5757557575
Noemi	Noemi	Noemi@gmail.com	58585	5858558585
Monica	Monica	Monica@gmail.com	59595	5959559595
Lisa	Lisa	Lisa@gmail.com	60606	6060660606
ben	ben	ben@gmail.com	61616	6161661616
Danielle	Danielle	Danielle@gmail.com	62626	6262662626
Angel	Angel	Angel@gmail.com	63636	6363663636
theresa	theresa	theresa@gmail.com	64646	6464664646
Clint	Clint	Clint@gmail.com	65656	6565665656
dipak	dipak	dipak@gmail.com	66666	6666666666
Andrea	Andrea	Andrea@gmail.com	67676	6767667676
Belkiss	Belkiss	Belkiss@gmail.com	68686	6868668686
Stefani	Stefani	Stefani@gmail.com	69696	6969669696
Sheryl	Sheryl	Sheryl@gmail.com	70707	7070770707
Brandy	Brandy	Brandy@gmail.com	71717	7171771717
sabrina	sabrina	sabrina@gmail.com	72727	7272772727
Doris	Doris	Doris@gmail.com	73737	7373773737
Daisy	Daisy	Daisy@gmail.com	74747	7474774747
TERESA	TERESA	TERESA@gmail.com	75757	7575775757
Misty	Misty	Misty@gmail.com	76767	7676776767
reena	reena	reena@gmail.com	77777	7777777777
Kathryn	Kathryn	Kathryn@gmail.com	78787	7878778787
L	L	L@gmail.com	79797	7979779797
PRECILLA	PRECILLA	PRECILLA@gmail.com	80808	8080880808
Christine	Christine	Christine@gmail.com	81818	8181881818
Erin	Erin	Erin@gmail.com	82828	8282882828
Kathryn	Kathryn	Kathryn@gmail.com	83838	8383883838
kellee	kellee	kellee@gmail.com	84848	8484884848
maree	maree	maree@gmail.com	85858	8585885858
Melanie	Melanie	Melanie@gmail.com	86868	8686886868
rachel	rachel	rachel@gmail.com	87878	8787887878
Sarah	Sarah	Sarah@gmail.com	88888	8888888888
brenae	brenae	brenae@gmail.com	89898	8989889898
Tiffany	Tiffany	Tiffany@gmail.com	90909	9090990909
Jamie	Jamie	Jamie@gmail.com	91919	9191991919
Pauline	Pauline	Pauline@gmail.com	92929	9292992929
Michelle	Michelle	Michelle@gmail.com	93939	9393993939
Elizabeth	Elizabeth	Elizabeth@gmail.com	94949	9494994949
Jacqui	Jacqui	Jacqui@gmail.com	95959	9595995959
Carrie	Carrie	Carrie@gmail.com	96969	9696996969
Jennifer	Jennifer	Jennifer@gmail.com	97979	9797997979
Michelle	Michelle	Michelle@gmail.com	98989	9898998989
Danielle	Danielle	Danielle@gmail.com	99999	9999999999
Katie	Katie	Katie@gmail.com	10010	1001010010
Regina	Regina	Regina@gmail.com	10110	1011010110
ritu	ritu	ritu@gmail.com	10210	1021010210
lisa	lisa	lisa@gmail.com	10310	1031010310
FATIMA	FATIMA	FATIMA@gmail.com	10410	1041010410
Amanda	Amanda	Amanda@gmail.com	10510	1051010510
Paula	Paula	Paula@gmail.com	10610	1061010610
bianca	bianca	bianca@gmail.com	10710	1071010710
Majeda	Majeda	Majeda@gmail.com	10810	1081010810
Michelle	Michelle	Michelle@gmail.com	10910	1091010910
Nandita	Nandita	Nandita@gmail.com	11011	1101111011
Leilani	Leilani	Leilani@gmail.com	11111	1111111111
kristine	kristine	kristine@gmail.com	11211	1121111211
Tammy	Tammy	Tammy@gmail.com	11311	1131111311
carissa	carissa	carissa@gmail.com	11411	1141111411
Jessica	Jessica	Jessica@gmail.com	11511	1151111511
annette	annette	annette@gmail.com	11611	1161111611
Angelica	Angelica	Angelica@gmail.com	11711	1171111711
erin	erin	erin@gmail.com	11811	1181111811
Danielle	Danielle	Danielle@gmail.com	11911	1191111911
ben	ben	ben@gmail.com	12012	1201212012
Anthony	Anthony	Anthony@gmail.com	12112	1211212112
jesse	jesse	jesse@gmail.com	12212	1221212212
Ashley	Ashley	Ashley@gmail.com	12312	1231212312
Edith	Edith	Edith@gmail.com	12412	1241212412
Tracy	Tracy	Tracy@gmail.com	12512	1251212512
Heather	Heather	Heather@gmail.com	12612	1261212612
MARY	MARY	MARY@gmail.com	12712	1271212712
STEPHANIE	STEPHANIE	STEPHANIE@gmail.com	12812	1281212812
Tracy	Tracy	Tracy@gmail.com	12912	1291212912
Karen	Karen	Karen@gmail.com	13013	1301313013
maria	maria	maria@gmail.com	13113	1311313113
Rebecca	Rebecca	Rebecca@gmail.com	13213	1321313213
Marjorie	Marjorie	Marjorie@gmail.com	13313	1331313313
RIDDHI	RIDDHI	RIDDHI@gmail.com	13413	1341313413
Alexander	Alexander	Alexander@gmail.com	13513	1351313513
MAY	MAY	MAY@gmail.com	13613	1361313613
Christina	Christina	Christina@gmail.com	13713	1371313713
Jacklyn	Jacklyn	Jacklyn@gmail.com	13813	1381313813
CINDY	CINDY	CINDY@gmail.com	13913	1391313913
Jesse	Jesse	Jesse@gmail.com	14014	1401414014
Robin	Robin	Robin@gmail.com	14114	1411414114
christal	christal	christal@gmail.com	14214	1421414214
Wayne	Wayne	Wayne@gmail.com	14314	1431414314
Samantha	Samantha	Samantha@gmail.com	14414	1441414414
Natalie	Natalie	Natalie@gmail.com	14514	1451414514
MARY	MARY	MARY@gmail.com	14614	1461414614
melissa	melissa	melissa@gmail.com	14714	1471414714
Sara	Sara	Sara@gmail.com	14814	1481414814
Ed	Ed	Ed@gmail.com	14914	1491414914
Nena	Nena	Nena@gmail.com	15015	1501515015
Suzanne	Suzanne	Suzanne@gmail.com	15115	1511515115
Elaina	Elaina	Elaina@gmail.com	15215	1521515215
Steph	Steph	Steph@gmail.com	15315	1531515315
Jamaal	Jamaal	Jamaal@gmail.com	15415	1541515415
jessica	jessica	jessica@gmail.com	15515	1551515515
jasmin	jasmin	jasmin@gmail.com	15615	1561515615
DEZARAE	DEZARAE	DEZARAE@gmail.com	15715	1571515715
Alicia	Alicia	Alicia@gmail.com	15815	1581515815
Jaclyn	Jaclyn	Jaclyn@gmail.com	15915	1591515915
jimmy	jimmy	jimmy@gmail.com	16016	1601616016
Anita	Anita	Anita@gmail.com	16116	1611616116
Theresa	Theresa	Theresa@gmail.com	16216	1621616216
sena	sena	sena@gmail.com	16316	1631616316
Tabitha	Tabitha	Tabitha@gmail.com	16416	1641616416
Tammy	Tammy	Tammy@gmail.com	16516	1651616516
RUBY	RUBY	RUBY@gmail.com	16616	1661616616
Heather	Heather	Heather@gmail.com	16716	1671616716
BEVERLY	BEVERLY	BEVERLY@gmail.com	16816	1681616816
Curt	Curt	Curt@gmail.com	16916	1691616916
Tiffany	Tiffany	Tiffany@gmail.com	17017	1701717017
Bobbi	Bobbi	Bobbi@gmail.com	17117	1711717117
jessica	jessica	jessica@gmail.com	17217	1721717217
Penina	Penina	Penina@gmail.com	17317	1731717317
TAMARA	TAMARA	TAMARA@gmail.com	17417	1741717417
Briana	Briana	Briana@gmail.com	17517	1751717517
DEBORAH	DEBORAH	DEBORAH@gmail.com	17617	1761717617
Karen	Karen	Karen@gmail.com	17717	1771717717
bobby	bobby	bobby@gmail.com	17817	1781717817
lourie	lourie	lourie@gmail.com	17917	1791717917
Fikre	Fikre	Fikre@gmail.com	18018	1801818018
France	France	France@gmail.com	18118	1811818118
La Tanya	La Tanya	La Tanya@gmail.com	18218	1821818218
Walter	Walter	Walter@gmail.com	18318	1831818318
Danielle	Danielle	Danielle@gmail.com	18418	1841818418
Angie	Angie	Angie@gmail.com	18518	1851818518
adam	adam	adam@gmail.com	18618	1861818618
WILLIAM	WILLIAM	WILLIAM@gmail.com	18718	1871818718
Heather	Heather	Heather@gmail.com	18818	1881818818
kristie	kristie	kristie@gmail.com	18918	1891818918
Lakeisha	Lakeisha	Lakeisha@gmail.com	19019	1901919019
jessica	jessica	jessica@gmail.com	19119	1911919119
ashley	ashley	ashley@gmail.com	19219	1921919219
JYNIFER	JYNIFER	JYNIFER@gmail.com	19319	1931919319
isabel	isabel	isabel@gmail.com	19419	1941919419
Michael	Michael	Michael@gmail.com	19519	1951919519
Susan	Susan	Susan@gmail.com	19619	1961919619
Tiffany	Tiffany	Tiffany@gmail.com	19719	1971919719
sonia	sonia	sonia@gmail.com	19819	1981919819
ashley	ashley	ashley@gmail.com	19919	1991919919
elizabeth	elizabeth	elizabeth@gmail.com	20020	2002020020
Luz	Luz	Luz@gmail.com	20120	2012020120
Ronda	Ronda	Ronda@gmail.com	20220	2022020220
michaela	michaela	michaela@gmail.com	20320	2032020320
kelly	kelly	kelly@gmail.com	20420	2042020420
Cheryl	Cheryl	Cheryl@gmail.com	20520	2052020520
Desiree	Desiree	Desiree@gmail.com	20620	2062020620
javier	javier	javier@gmail.com	20720	2072020720
kelly	kelly	kelly@gmail.com	20820	2082020820
ricci	ricci	ricci@gmail.com	20920	2092020920
Nelya	Nelya	Nelya@gmail.com	21021	2102121021
Brianon	Brianon	Brianon@gmail.com	21121	2112121121
Chuck	Chuck	Chuck@gmail.com	21221	2122121221
brittiney	brittiney	brittiney@gmail.com	21321	2132121321
ZORAIDA	ZORAIDA	ZORAIDA@gmail.com	21421	2142121421
Sylvia	Sylvia	Sylvia@gmail.com	21521	2152121521
doris	doris	doris@gmail.com	21621	2162121621
Don	Don	Don@gmail.com	21721	2172121721
malita	malita	malita@gmail.com	21821	2182121821
Devy	Devy	Devy@gmail.com	21921	2192121921
Christopher	Christopher	Christopher@gmail.com	22022	2202222022
holly	holly	holly@gmail.com	22122	2212222122
andrea	andrea	andrea@gmail.com	22222	2222222222
Julianna	Julianna	Julianna@gmail.com	22322	2232222322
Tasha	Tasha	Tasha@gmail.com	22422	2242222422
Amanda	Amanda	Amanda@gmail.com	22522	2252222522
Amy	Amy	Amy@gmail.com	22622	2262222622
Terri	Terri	Terri@gmail.com	22722	2272222722
Tamiera	Tamiera	Tamiera@gmail.com	22822	2282222822
Adena	Adena	Adena@gmail.com	22922	2292222922
shadina	shadina	shadina@gmail.com	23023	2302323023
Wendy	Wendy	Wendy@gmail.com	23123	2312323123
Zyanya	Zyanya	Zyanya@gmail.com	23223	2322323223
theodore	theodore	theodore@gmail.com	23323	2332323323
darci	darci	darci@gmail.com	23423	2342323423
Shelly	Shelly	Shelly@gmail.com	23523	2352323523
Joan	Joan	Joan@gmail.com	23623	2362323623
catherine	catherine	catherine@gmail.com	23723	2372323723
amy	amy	amy@gmail.com	23823	2382323823
christopher	christopher	christopher@gmail.com	23923	2392323923
Susan	Susan	Susan@gmail.com	24024	2402424024
serife	serife	serife@gmail.com	24124	2412424124
Karen	Karen	Karen@gmail.com	24224	2422424224
Laurel	Laurel	Laurel@gmail.com	24324	2432424324
terri	terri	terri@gmail.com	24424	2442424424
Vickie	Vickie	Vickie@gmail.com	24524	2452424524
Cherie	Cherie	Cherie@gmail.com	24624	2462424624
Jessica	Jessica	Jessica@gmail.com	24724	2472424724
Rachella	Rachella	Rachella@gmail.com	24824	2482424824
Samson	Samson	Samson@gmail.com	24924	2492424924
Anna	Anna	Anna@gmail.com	25025	2502525025
Steven	Steven	Steven@gmail.com	25125	2512525125
Jennifer	Jennifer	Jennifer@gmail.com	25225	2522525225
mylissa	mylissa	mylissa@gmail.com	25325	2532525325
roshana	roshana	roshana@gmail.com	25425	2542525425
Debbie	Debbie	Debbie@gmail.com	25525	2552525525
Gina	Gina	Gina@gmail.com	25625	2562525625
BARBARA	BARBARA	BARBARA@gmail.com	25725	2572525725
Crissy	Crissy	Crissy@gmail.com	25825	2582525825
sterling	sterling	sterling@gmail.com	25925	2592525925
huseyin	huseyin	huseyin@gmail.com	26026	2602626026
Teresa	Teresa	Teresa@gmail.com	26126	2612626126
Pat	Pat	Pat@gmail.com	26226	2622626226
michael	michael	michael@gmail.com	26326	2632626326
alicia	alicia	alicia@gmail.com	26426	2642626426
Jeannine	Jeannine	Jeannine@gmail.com	26526	2652626526
Shawn	Shawn	Shawn@gmail.com	26626	2662626626
Haley	Haley	Haley@gmail.com	26726	2672626726
kelly	kelly	kelly@gmail.com	26826	2682626826
cassidy	cassidy	cassidy@gmail.com	26926	2692626926
marie	marie	marie@gmail.com	27027	2702727027
Essica	Essica	Essica@gmail.com	27127	2712727127
michelle	michelle	michelle@gmail.com	27227	2722727227
RENEE	RENEE	RENEE@gmail.com	27327	2732727327
Spring	Spring	Spring@gmail.com	27427	2742727427
JAHARI	JAHARI	JAHARI@gmail.com	27527	2752727527
brittany	brittany	brittany@gmail.com	27627	2762727627
crystal	crystal	crystal@gmail.com	27727	2772727727
Suzana	Suzana	Suzana@gmail.com	27827	2782727827
Anna	Anna	Anna@gmail.com	27927	2792727927
Nancy	Nancy	Nancy@gmail.com	28028	2802828028
Robin	Robin	Robin@gmail.com	28128	2812828128
amber	amber	amber@gmail.com	28228	2822828228
Terri	Terri	Terri@gmail.com	28328	2832828328
Steve	Steve	Steve@gmail.com	28428	2842828428
Robin	Robin	Robin@gmail.com	28528	2852828528
Danielle	Danielle	Danielle@gmail.com	28628	2862828628
Mary	Mary	Mary@gmail.com	28728	2872828728
veronika	veronika	veronika@gmail.com	28828	2882828828
Kara	Kara	Kara@gmail.com	28928	2892828928
carah	carah	carah@gmail.com	29029	2902929029
Larry	Larry	Larry@gmail.com	29129	2912929129
Susannah	Susannah	Susannah@gmail.com	29229	2922929229
Kristin	Kristin	Kristin@gmail.com	29329	2932929329
Pauli	Pauli	Pauli@gmail.com	29429	2942929429
Stormie	Stormie	Stormie@gmail.com	29529	2952929529
Monica	Monica	Monica@gmail.com	29629	2962929629
Jackie	Jackie	Jackie@gmail.com	29729	2972929729
Felisha	Felisha	Felisha@gmail.com	29829	2982929829
melissa	melissa	melissa@gmail.com	29929	2992929929
beth	beth	beth@gmail.com	30030	3003030030
connie	connie	connie@gmail.com	30130	3013030130
michele	michele	michele@gmail.com	30230	3023030230
Brandy	Brandy	Brandy@gmail.com	30330	3033030330
Lori	Lori	Lori@gmail.com	30430	3043030430
danielle	danielle	danielle@gmail.com	30530	3053030530
Jennifer	Jennifer	Jennifer@gmail.com	30630	3063030630
Christy	Christy	Christy@gmail.com	30730	3073030730
Ted	Ted	Ted@gmail.com	30830	3083030830
KELLEY	KELLEY	KELLEY@gmail.com	30930	3093030930
kathie	kathie	kathie@gmail.com	31031	3103131031
Tonya	Tonya	Tonya@gmail.com	31131	3113131131
melissa	melissa	melissa@gmail.com	31231	3123131231
metin	metin	metin@gmail.com	31331	3133131331
Roberta	Roberta	Roberta@gmail.com	31431	3143131431
Mandy	Mandy	Mandy@gmail.com	31531	3153131531
Amanda	Amanda	Amanda@gmail.com	31631	3163131631
Donald	Donald	Donald@gmail.com	31731	3173131731
Felicia	Felicia	Felicia@gmail.com	31831	3183131831
janie	janie	janie@gmail.com	31931	3193131931
JESSICA	JESSICA	JESSICA@gmail.com	32032	3203232032
Amanda	Amanda	Amanda@gmail.com	32132	3213232132
Barbara	Barbara	Barbara@gmail.com	32232	3223232232
edward	edward	edward@gmail.com	32332	3233232332
samantha	samantha	samantha@gmail.com	32432	3243232432
Kimberly	Kimberly	Kimberly@gmail.com	32532	3253232532
SHAYNA	SHAYNA	SHAYNA@gmail.com	32632	3263232632
Amber	Amber	Amber@gmail.com	32732	3273232732
christopher	christopher	christopher@gmail.com	32832	3283232832
asilika	asilika	asilika@gmail.com	32932	3293232932
Christopher	Christopher	Christopher@gmail.com	33033	3303333033
Christine	Christine	Christine@gmail.com	33133	3313333133
tina	tina	tina@gmail.com	33233	3323333233
lisa	lisa	lisa@gmail.com	33333	3333333333
Rachel	Rachel	Rachel@gmail.com	33433	3343333433
Sara	Sara	Sara@gmail.com	33533	3353333533
William	William	William@gmail.com	33633	3363333633
rotem	rotem	rotem@gmail.com	33733	3373333733
Beverly	Beverly	Beverly@gmail.com	33833	3383333833
mackenzie	mackenzie	mackenzie@gmail.com	33933	3393333933
elizabeth	elizabeth	elizabeth@gmail.com	34034	3403434034
angel	angel	angel@gmail.com	34134	3413434134
Katie	Katie	Katie@gmail.com	34234	3423434234
caroline	caroline	caroline@gmail.com	34334	3433434334
m	m	m@gmail.com	34434	3443434434
rebecca	rebecca	rebecca@gmail.com	34534	3453434534
Joseph	Joseph	Joseph@gmail.com	34634	3463434634
Mustafa	Mustafa	Mustafa@gmail.com	34734	3473434734
samantha	samantha	samantha@gmail.com	34834	3483434834
deborah	deborah	deborah@gmail.com	34934	3493434934
Sarah	Sarah	Sarah@gmail.com	35035	3503535035
Alison	Alison	Alison@gmail.com	35135	3513535135
Samantha	Samantha	Samantha@gmail.com	35235	3523535235
Sheila	Sheila	Sheila@gmail.com	35335	3533535335
Nicole	Nicole	Nicole@gmail.com	35435	3543535435
Bj	Bj	Bj@gmail.com	35535	3553535535
Nicole	Nicole	Nicole@gmail.com	35635	3563535635
Kelli	Kelli	Kelli@gmail.com	35735	3573535735
Kawana	Kawana	Kawana@gmail.com	35835	3583535835
Aja	Aja	Aja@gmail.com	35935	3593535935
Eternity	Eternity	Eternity@gmail.com	36036	3603636036
Melinda	Melinda	Melinda@gmail.com	36136	3613636136
Tabitha	Tabitha	Tabitha@gmail.com	36236	3623636236
Robert	Robert	Robert@gmail.com	36336	3633636336
Angela	Angela	Angela@gmail.com	36436	3643636436
Rachelle	Rachelle	Rachelle@gmail.com	36536	3653636536
Lilyana	Lilyana	Lilyana@gmail.com	36636	3663636636
Stacey	Stacey	Stacey@gmail.com	36736	3673636736
Amanda	Amanda	Amanda@gmail.com	36836	3683636836
Ally	Ally	Ally@gmail.com	36936	3693636936
Cassandra	Cassandra	Cassandra@gmail.com	37037	3703737037
Vicki	Vicki	Vicki@gmail.com	37137	3713737137
Sandra	Sandra	Sandra@gmail.com	37237	3723737237
Shea	Shea	Shea@gmail.com	37337	3733737337
Jessica	Jessica	Jessica@gmail.com	37437	3743737437
Mariya	Mariya	Mariya@gmail.com	37537	3753737537
James	James	James@gmail.com	37637	3763737637
Jason	Jason	Jason@gmail.com	37737	3773737737
Bridget	Bridget	Bridget@gmail.com	37837	3783737837
Andreina	Andreina	Andreina@gmail.com	37937	3793737937
Krystal	Krystal	Krystal@gmail.com	38038	3803838038
Heidi	Heidi	Heidi@gmail.com	38138	3813838138
April	April	April@gmail.com	38238	3823838238
Carl	Carl	Carl@gmail.com	38338	3833838338
William	William	William@gmail.com	38438	3843838438
Kimberly	Kimberly	Kimberly@gmail.com	38538	3853838538
Diana	Diana	Diana@gmail.com	38638	3863838638
Makaz	Makaz	Makaz@gmail.com	38738	3873838738
Holly	Holly	Holly@gmail.com	38838	3883838838
Amelia	Amelia	Amelia@gmail.com	38938	3893838938
Nikki	Nikki	Nikki@gmail.com	39039	3903939039
Malawi	Malawi	Malawi@gmail.com	39139	3913939139
Carol	Carol	Carol@gmail.com	39239	3923939239
Jenn	Jenn	Jenn@gmail.com	39339	3933939339
Britney	Britney	Britney@gmail.com	39439	3943939439
Kala	Kala	Kala@gmail.com	39539	3953939539
Betsy	Betsy	Betsy@gmail.com	39639	3963939639
Steven	Steven	Steven@gmail.com	39739	3973939739
Kathy	Kathy	Kathy@gmail.com	39839	3983939839
Tarah	Tarah	Tarah@gmail.com	39939	3993939939
Jean	Jean	Jean@gmail.com	40040	4004040040
George	George	George@gmail.com	40140	4014040140
David	David	David@gmail.com	40240	4024040240
Kristina	Kristina	Kristina@gmail.com	40340	4034040340
Diana	Diana	Diana@gmail.com	40440	4044040440
Esther	Esther	Esther@gmail.com	40540	4054040540
Angela	Angela	Angela@gmail.com	40640	4064040640
Carla	Carla	Carla@gmail.com	40740	4074040740
Meghan	Meghan	Meghan@gmail.com	40840	4084040840
Greg	Greg	Greg@gmail.com	40940	4094040940
Alex	Alex	Alex@gmail.com	41041	4104141041
Angelica	Angelica	Angelica@gmail.com	41141	4114141141
Jesica	Jesica	Jesica@gmail.com	41241	4124141241
Sarah	Sarah	Sarah@gmail.com	41341	4134141341
Narda	Narda	Narda@gmail.com	41441	4144141441
Dana	Dana	Dana@gmail.com	41541	4154141541
Beth	Beth	Beth@gmail.com	41641	4164141641
Catherine	Catherine	Catherine@gmail.com	41741	4174141741
Sarah	Sarah	Sarah@gmail.com	41841	4184141841
Catherine	Catherine	Catherine@gmail.com	41941	4194141941
Walter	Walter	Walter@gmail.com	42042	4204242042
Angela	Angela	Angela@gmail.com	42142	4214242142
Sarika	Sarika	Sarika@gmail.com	42242	4224242242
Katrina	Katrina	Katrina@gmail.com	42342	4234242342
Amelia	Amelia	Amelia@gmail.com	42442	4244242442
Rocio	Rocio	Rocio@gmail.com	42542	4254242542
Deanna	Deanna	Deanna@gmail.com	42642	4264242642
Sherry	Sherry	Sherry@gmail.com	42742	4274242742
Brian	Brian	Brian@gmail.com	42842	4284242842
Nona	Nona	Nona@gmail.com	42942	4294242942
Denise	Denise	Denise@gmail.com	43043	4304343043
Monique	Monique	Monique@gmail.com	43143	4314343143
Rebecca	Rebecca	Rebecca@gmail.com	43243	4324343243
Jessica	Jessica	Jessica@gmail.com	43343	4334343343
John	John	John@gmail.com	43443	4344343443
Lori	Lori	Lori@gmail.com	43543	4354343543
Kelly	Kelly	Kelly@gmail.com	43643	4364343643
Brandi	Brandi	Brandi@gmail.com	43743	4374343743
Tina	Tina	Tina@gmail.com	43843	4384343843
Lori	Lori	Lori@gmail.com	43943	4394343943
Christy	Christy	Christy@gmail.com	44044	4404444044
Ashley	Ashley	Ashley@gmail.com	44144	4414444144
Nedra	Nedra	Nedra@gmail.com	44244	4424444244
Lillian	Lillian	Lillian@gmail.com	44344	4434444344
Karissa	Karissa	Karissa@gmail.com	44444	4444444444
Amanda	Amanda	Amanda@gmail.com	44544	4454444544
Jasmine	Jasmine	Jasmine@gmail.com	44644	4464444644
Bryan	Bryan	Bryan@gmail.com	44744	4474444744
Barbara	Barbara	Barbara@gmail.com	44844	4484444844
Sarah	Sarah	Sarah@gmail.com	44944	4494444944
Lowell	Lowell	Lowell@gmail.com	45045	4504545045
Karen	Karen	Karen@gmail.com	45145	4514545145
Heather	Heather	Heather@gmail.com	45245	4524545245
Joyce	Joyce	Joyce@gmail.com	45345	4534545345
Monique	Monique	Monique@gmail.com	45445	4544545445
Kathleen	Kathleen	Kathleen@gmail.com	45545	4554545545
Melissa	Melissa	Melissa@gmail.com	45645	4564545645
Samantha	Samantha	Samantha@gmail.com	45745	4574545745
Marina	Marina	Marina@gmail.com	45845	4584545845
Bill	Bill	Bill@gmail.com	45945	4594545945
Megan	Megan	Megan@gmail.com	46046	4604646046
Charlann	Charlann	Charlann@gmail.com	46146	4614646146
Sravan	Sravan	Sravan@gmail.com	46246	4624646246
Melanie	Melanie	Melanie@gmail.com	46346	4634646346
Valerie	Valerie	Valerie@gmail.com	46446	4644646446
Pamela	Pamela	Pamela@gmail.com	46546	4654646546
Kristen	Kristen	Kristen@gmail.com	46646	4664646646
Chrystal	Chrystal	Chrystal@gmail.com	46746	4674646746
Dionne	Dionne	Dionne@gmail.com	46846	4684646846
Ashley	Ashley	Ashley@gmail.com	46946	4694646946
Cameron	Cameron	Cameron@gmail.com	47047	4704747047
Keith	Keith	Keith@gmail.com	47147	4714747147
Rachel	Rachel	Rachel@gmail.com	47247	4724747247
Holley	Holley	Holley@gmail.com	47347	4734747347
Patti	Patti	Patti@gmail.com	47447	4744747447
Jacinda	Jacinda	Jacinda@gmail.com	47547	4754747547
Nicoleta daniela	Nicoleta daniela	Nicoleta daniela@gmail.com	47647	4764747647
Crystal	Crystal	Crystal@gmail.com	47747	4774747747
Jenny	Jenny	Jenny@gmail.com	47847	4784747847
Maribel	Maribel	Maribel@gmail.com	47947	4794747947
Denise	Denise	Denise@gmail.com	48048	4804848048
Carly	Carly	Carly@gmail.com	48148	4814848148
Jenna	Jenna	Jenna@gmail.com	48248	4824848248
Shari	Shari	Shari@gmail.com	48348	4834848348
Janice	Janice	Janice@gmail.com	48448	4844848448
Irene	Irene	Irene@gmail.com	48548	4854848548
Devan	Devan	Devan@gmail.com	48648	4864848648
Debra	Debra	Debra@gmail.com	48748	4874848748
Kailey	Kailey	Kailey@gmail.com	48848	4884848848
Margaret	Margaret	Margaret@gmail.com	48948	4894848948
Carlos	Carlos	Carlos@gmail.com	49049	4904949049
Kaleigh	Kaleigh	Kaleigh@gmail.com	49149	4914949149
Dominique	Dominique	Dominique@gmail.com	49249	4924949249
Zenaredia	Zenaredia	Zenaredia@gmail.com	49349	4934949349
Brunetto	Brunetto	Brunetto@gmail.com	49449	4944949449
Randy	Randy	Randy@gmail.com	49549	4954949549
Leslie	Leslie	Leslie@gmail.com	49649	4964949649
Shawnterra	Shawnterra	Shawnterra@gmail.com	49749	4974949749
Kristen	Kristen	Kristen@gmail.com	49849	4984949849
Craig	Craig	Craig@gmail.com	49949	4994949949
Lyndon	Lyndon	Lyndon@gmail.com	50050	5005050050
Juanita	Juanita	Juanita@gmail.com	50150	5015050150
Maribel	Maribel	Maribel@gmail.com	50250	5025050250
Onur	Onur	Onur@gmail.com	50350	5035050350
Ashley	Ashley	Ashley@gmail.com	50450	5045050450
Callie	Callie	Callie@gmail.com	50550	5055050550
Megan Anne	Megan Anne	Megan Anne@gmail.com	50650	5065050650
Mark	Mark	Mark@gmail.com	50750	5075050750
Barbara	Barbara	Barbara@gmail.com	50850	5085050850
Nancy	Nancy	Nancy@gmail.com	50950	5095050950
Rachel	Rachel	Rachel@gmail.com	51051	5105151051
Noelle	Noelle	Noelle@gmail.com	51151	5115151151
Misty	Misty	Misty@gmail.com	51251	5125151251
Frances	Frances	Frances@gmail.com	51351	5135151351
Anopa	Anopa	Anopa@gmail.com	51451	5145151451
Kathryn	Kathryn	Kathryn@gmail.com	51551	5155151551
Rosalie	Rosalie	Rosalie@gmail.com	51651	5165151651
Sara	Sara	Sara@gmail.com	51751	5175151751
Sara	Sara	Sara@gmail.com	51851	5185151851
Soha	Soha	Soha@gmail.com	51951	5195151951
David	David	David@gmail.com	52052	5205252052
Laura	Laura	Laura@gmail.com	52152	5215252152
LaDana	LaDana	LaDana@gmail.com	52252	5225252252
Jessica	Jessica	Jessica@gmail.com	52352	5235252352
TAYLOR	TAYLOR	TAYLOR@gmail.com	52452	5245252452
Terri	Terri	Terri@gmail.com	52552	5255252552
Laura	Laura	Laura@gmail.com	52652	5265252652
Amy	Amy	Amy@gmail.com	52752	5275252752
Michael	Michael	Michael@gmail.com	52852	5285252852
Pay	Pay	Pay@gmail.com	52952	5295252952
Martin	Martin	Martin@gmail.com	53053	5305353053
Richard	Richard	Richard@gmail.com	53153	5315353153
Korina	Korina	Korina@gmail.com	53253	5325353253
Kody	Kody	Kody@gmail.com	53353	5335353353
Lisa	Lisa	Lisa@gmail.com	53453	5345353453
Ronnie	Ronnie	Ronnie@gmail.com	53553	5355353553
Andi	Andi	Andi@gmail.com	53653	5365353653
Amanda	Amanda	Amanda@gmail.com	53753	5375353753
Amruta	Amruta	Amruta@gmail.com	53853	5385353853
Kelly	Kelly	Kelly@gmail.com	53953	5395353953
Kathryn	Kathryn	Kathryn@gmail.com	54054	5405454054
Charlene	Charlene	Charlene@gmail.com	54154	5415454154
Melanie	Melanie	Melanie@gmail.com	54254	5425454254
Melinda	Melinda	Melinda@gmail.com	54354	5435454354
Tara	Tara	Tara@gmail.com	54454	5445454454
Urshula	Urshula	Urshula@gmail.com	54554	5455454554
Amanda	Amanda	Amanda@gmail.com	54654	5465454654
Miranda	Miranda	Miranda@gmail.com	54754	5475454754
Sherri	Sherri	Sherri@gmail.com	54854	5485454854
Kathy	Kathy	Kathy@gmail.com	54954	5495454954
Pamela	Pamela	Pamela@gmail.com	55055	5505555055
Carlee	Carlee	Carlee@gmail.com	55155	5515555155
Yaquelin	Yaquelin	Yaquelin@gmail.com	55255	5525555255
Dyanna	Dyanna	Dyanna@gmail.com	55355	5535555355
Shannon	Shannon	Shannon@gmail.com	55455	5545555455
Aaron	Aaron	Aaron@gmail.com	55555	5555555555
Julie	Julie	Julie@gmail.com	55655	5565555655
John	John	John@gmail.com	55755	5575555755
Kelsey	Kelsey	Kelsey@gmail.com	55855	5585555855
Denise	Denise	Denise@gmail.com	55955	5595555955
Vincent	Vincent	Vincent@gmail.com	56056	5605656056
Trisha	Trisha	Trisha@gmail.com	56156	5615656156
Melissa	Melissa	Melissa@gmail.com	56256	5625656256
Carrie	Carrie	Carrie@gmail.com	56356	5635656356
Charlene	Charlene	Charlene@gmail.com	56456	5645656456
Shannon	Shannon	Shannon@gmail.com	56556	5655656556
Danyalle	Danyalle	Danyalle@gmail.com	56656	5665656656
Angela	Angela	Angela@gmail.com	56756	5675656756
Patricia	Patricia	Patricia@gmail.com	56856	5685656856
Tasha	Tasha	Tasha@gmail.com	56956	5695656956
Lidya	Lidya	Lidya@gmail.com	57057	5705757057
Alyssa	Alyssa	Alyssa@gmail.com	57157	5715757157
Kirsten	Kirsten	Kirsten@gmail.com	57257	5725757257
Lisa	Lisa	Lisa@gmail.com	57357	5735757357
Phyllis	Phyllis	Phyllis@gmail.com	57457	5745757457
Shannon	Shannon	Shannon@gmail.com	57557	5755757557
Amber	Amber	Amber@gmail.com	57657	5765757657
Mathew	Mathew	Mathew@gmail.com	57757	5775757757
Willy	Willy	Willy@gmail.com	57857	5785757857
Bhamarai	Bhamarai	Bhamarai@gmail.com	57957	5795757957
Jamie	Jamie	Jamie@gmail.com	58058	5805858058
Jane	Jane	Jane@gmail.com	58158	5815858158
James	James	James@gmail.com	58258	5825858258
Zitouni	Zitouni	Zitouni@gmail.com	58358	5835858358
Megan	Megan	Megan@gmail.com	58458	5845858458
Kristen	Kristen	Kristen@gmail.com	58558	5855858558
Crystal	Crystal	Crystal@gmail.com	58658	5865858658
Mary	Mary	Mary@gmail.com	58758	5875858758
Lakreshia	Lakreshia	Lakreshia@gmail.com	58858	5885858858
Dimona	Dimona	Dimona@gmail.com	58958	5895858958
Tiffany	Tiffany	Tiffany@gmail.com	59059	5905959059
Haylie	Haylie	Haylie@gmail.com	59159	5915959159
Lauren	Lauren	Lauren@gmail.com	59259	5925959259
Ali	Ali	Ali@gmail.com	59359	5935959359
Shannon	Shannon	Shannon@gmail.com	59459	5945959459
Tarfous	Tarfous	Tarfous@gmail.com	59559	5955959559
April	April	April@gmail.com	59659	5965959659
Alicia	Alicia	Alicia@gmail.com	59759	5975959759
Amanda	Amanda	Amanda@gmail.com	59859	5985959859
Mattthew	Mattthew	Mattthew@gmail.com	59959	5995959959
Jacqueline	Jacqueline	Jacqueline@gmail.com	60060	6006060060
Anthony	Anthony	Anthony@gmail.com	60160	6016060160
Robert	Robert	Robert@gmail.com	60260	6026060260
Karen	Karen	Karen@gmail.com	60360	6036060360
Samantha	Samantha	Samantha@gmail.com	60460	6046060460
Leann	Leann	Leann@gmail.com	60560	6056060560
Robin	Robin	Robin@gmail.com	60660	6066060660
Alex	Alex	Alex@gmail.com	60760	6076060760
Megan	Megan	Megan@gmail.com	60860	6086060860
Jane	Jane	Jane@gmail.com	60960	6096060960
Molly	Molly	Molly@gmail.com	61061	6106161061
Tammy	Tammy	Tammy@gmail.com	61161	6116161161
Vikram	Vikram	Vikram@gmail.com	61261	6126161261
Brittany	Brittany	Brittany@gmail.com	61361	6136161361
Ma	Ma	Ma@gmail.com	61461	6146161461
Denise	Denise	Denise@gmail.com	61561	6156161561
Shirley	Shirley	Shirley@gmail.com	61661	6166161661
Nicole	Nicole	Nicole@gmail.com	61761	6176161761
Amanda	Amanda	Amanda@gmail.com	61861	6186161861
Chris	Chris	Chris@gmail.com	61961	6196161961
Mary	Mary	Mary@gmail.com	62062	6206262062
Jennifer	Jennifer	Jennifer@gmail.com	62162	6216262162
Arbab	Arbab	Arbab@gmail.com	62262	6226262262
Kalene	Kalene	Kalene@gmail.com	62362	6236262362
Breanna	Breanna	Breanna@gmail.com	62462	6246262462
Miesha	Miesha	Miesha@gmail.com	62562	6256262562
Nancy	Nancy	Nancy@gmail.com	62662	6266262662
Emily	Emily	Emily@gmail.com	62762	6276262762
John	John	John@gmail.com	62862	6286262862
Kristi	Kristi	Kristi@gmail.com	62962	6296262962
Brittany	Brittany	Brittany@gmail.com	63063	6306363063
Hanna	Hanna	Hanna@gmail.com	63163	6316363163
Sarah	Sarah	Sarah@gmail.com	63263	6326363263
Kathryn	Kathryn	Kathryn@gmail.com	63363	6336363363
Renee	Renee	Renee@gmail.com	63463	6346363463
Luis	Luis	Luis@gmail.com	63563	6356363563
Lynda	Lynda	Lynda@gmail.com	63663	6366363663
Nely	Nely	Nely@gmail.com	63763	6376363763
Carmen	Carmen	Carmen@gmail.com	63863	6386363863
Pedro	Pedro	Pedro@gmail.com	63963	6396363963
Latoya	Latoya	Latoya@gmail.com	64064	6406464064
Kellie	Kellie	Kellie@gmail.com	64164	6416464164
Monica	Monica	Monica@gmail.com	64264	6426464264
Holly	Holly	Holly@gmail.com	64364	6436464364
Phyllis	Phyllis	Phyllis@gmail.com	64464	6446464464
Amanda	Amanda	Amanda@gmail.com	64564	6456464564
Katrina	Katrina	Katrina@gmail.com	64664	6466464664
Jocelyn	Jocelyn	Jocelyn@gmail.com	64764	6476464764
Frank	Frank	Frank@gmail.com	64864	6486464864
Stephanie	Stephanie	Stephanie@gmail.com	64964	6496464964
Chasity	Chasity	Chasity@gmail.com	65065	6506565065
Ashley	Ashley	Ashley@gmail.com	65165	6516565165
Teresa	Teresa	Teresa@gmail.com	65265	6526565265
Roxie	Roxie	Roxie@gmail.com	65365	6536565365
Nancy	Nancy	Nancy@gmail.com	65465	6546565465
Katie	Katie	Katie@gmail.com	65565	6556565565
Amber	Amber	Amber@gmail.com	65665	6566565665
Jeffrey	Jeffrey	Jeffrey@gmail.com	65765	6576565765
Shelli	Shelli	Shelli@gmail.com	65865	6586565865
J	J	J@gmail.com	65965	6596565965
Tara	Tara	Tara@gmail.com	66066	6606666066
Toni	Toni	Toni@gmail.com	66166	6616666166
Jennifer	Jennifer	Jennifer@gmail.com	66266	6626666266
Staci	Staci	Staci@gmail.com	66366	6636666366
Elizabeth	Elizabeth	Elizabeth@gmail.com	66466	6646666466
Nishad	Nishad	Nishad@gmail.com	66566	6656666566
Rokki	Rokki	Rokki@gmail.com	66666	6666666666
Bernadette	Bernadette	Bernadette@gmail.com	66766	6676666766
William	William	William@gmail.com	66866	6686666866
Cassie	Cassie	Cassie@gmail.com	66966	6696666966
Nicole	Nicole	Nicole@gmail.com	67067	6706767067
Raquel	Raquel	Raquel@gmail.com	67167	6716767167
Angela	Angela	Angela@gmail.com	67267	6726767267
Lindsey	Lindsey	Lindsey@gmail.com	67367	6736767367
Henry	Henry	Henry@gmail.com	67467	6746767467
Andrew	Andrew	Andrew@gmail.com	67567	6756767567
Luis	Luis	Luis@gmail.com	67667	6766767667
Ruthie	Ruthie	Ruthie@gmail.com	67767	6776767767
Gerald	Gerald	Gerald@gmail.com	67867	6786767867
Jacquelyn	Jacquelyn	Jacquelyn@gmail.com	67967	6796767967
Chrystal	Chrystal	Chrystal@gmail.com	68068	6806868068
Ashley	Ashley	Ashley@gmail.com	68168	6816868168
Misty	Misty	Misty@gmail.com	68268	6826868268
Patricia	Patricia	Patricia@gmail.com	68368	6836868368
Sirrena	Sirrena	Sirrena@gmail.com	68468	6846868468
Allison	Allison	Allison@gmail.com	68568	6856868568
Ruth	Ruth	Ruth@gmail.com	68668	6866868668
Eunice	Eunice	Eunice@gmail.com	68768	6876868768
Rita	Rita	Rita@gmail.com	68868	6886868868
Nuno	Nuno	Nuno@gmail.com	68968	6896868968
Travis	Travis	Travis@gmail.com	69069	6906969069
Tammie	Tammie	Tammie@gmail.com	69169	6916969169
Daniel	Daniel	Daniel@gmail.com	69269	6926969269
Amanda	Amanda	Amanda@gmail.com	69369	6936969369
Krystle	Krystle	Krystle@gmail.com	69469	6946969469
Jennifer	Jennifer	Jennifer@gmail.com	69569	6956969569
Kimberly	Kimberly	Kimberly@gmail.com	69669	6966969669
Stefanie	Stefanie	Stefanie@gmail.com	69769	6976969769
Ronnie	Ronnie	Ronnie@gmail.com	69869	6986969869
Valerie	Valerie	Valerie@gmail.com	69969	6996969969
Ronald	Ronald	Ronald@gmail.com	70070	7007070070
Matthew	Matthew	Matthew@gmail.com	70170	7017070170
Amy	Amy	Amy@gmail.com	70270	7027070270
Michelle	Michelle	Michelle@gmail.com	70370	7037070370
Jayden	Jayden	Jayden@gmail.com	70470	7047070470
Alberto	Alberto	Alberto@gmail.com	70570	7057070570
Margaret	Margaret	Margaret@gmail.com	70670	7067070670
Andres	Andres	Andres@gmail.com	70770	7077070770
Scott	Scott	Scott@gmail.com	70870	7087070870
Kaylynn	Kaylynn	Kaylynn@gmail.com	70970	7097070970
Samantha	Samantha	Samantha@gmail.com	71071	7107171071
Christine	Christine	Christine@gmail.com	71171	7117171171
Stephen	Stephen	Stephen@gmail.com	71271	7127171271
Melissa	Melissa	Melissa@gmail.com	71371	7137171371
Jay	Jay	Jay@gmail.com	71471	7147171471
Christine	Christine	Christine@gmail.com	71571	7157171571
Noelle	Noelle	Noelle@gmail.com	71671	7167171671
Genevie	Genevie	Genevie@gmail.com	71771	7177171771
Patricia	Patricia	Patricia@gmail.com	71871	7187171871
Hari	Hari	Hari@gmail.com	71971	7197171971
Alana	Alana	Alana@gmail.com	72072	7207272072
Cori	Cori	Cori@gmail.com	72172	7217272172
Kristen	Kristen	Kristen@gmail.com	72272	7227272272
D.	D.	D.@gmail.com	72372	7237272372
Betty	Betty	Betty@gmail.com	72472	7247272472
Elaine	Elaine	Elaine@gmail.com	72572	7257272572
Lauren	Lauren	Lauren@gmail.com	72672	7267272672
Letitia	Letitia	Letitia@gmail.com	72772	7277272772
Amy	Amy	Amy@gmail.com	72872	7287272872
Aliciea Dawn	Aliciea Dawn	Aliciea Dawn@gmail.com	72972	7297272972
Ashley	Ashley	Ashley@gmail.com	73073	7307373073
Munkhush	Munkhush	Munkhush@gmail.com	73173	7317373173
Alishia	Alishia	Alishia@gmail.com	73273	7327373273
Aaron	Aaron	Aaron@gmail.com	73373	7337373373
Brianna	Brianna	Brianna@gmail.com	73473	7347373473
Karen	Karen	Karen@gmail.com	73573	7357373573
Vicki	Vicki	Vicki@gmail.com	73673	7367373673
Kacie	Kacie	Kacie@gmail.com	73773	7377373773
Sabam	Sabam	Sabam@gmail.com	73873	7387373873
Joe	Joe	Joe@gmail.com	73973	7397373973
Angela	Angela	Angela@gmail.com	74074	7407474074
Suzanne	Suzanne	Suzanne@gmail.com	74174	7417474174
Susan	Susan	Susan@gmail.com	74274	7427474274
Kelly	Kelly	Kelly@gmail.com	74374	7437474374
Regan	Regan	Regan@gmail.com	74474	7447474474
Donna	Donna	Donna@gmail.com	74574	7457474574
Dawn	Dawn	Dawn@gmail.com	74674	7467474674
Ashley	Ashley	Ashley@gmail.com	74774	7477474774
Joanne	Joanne	Joanne@gmail.com	74874	7487474874
Alice	Alice	Alice@gmail.com	74974	7497474974
Seema	Seema	Seema@gmail.com	75075	7507575075
Chassidy	Chassidy	Chassidy@gmail.com	75175	7517575175
Lucia	Lucia	Lucia@gmail.com	75275	7527575275
Serena	Serena	Serena@gmail.com	75375	7537575375
Paul	Paul	Paul@gmail.com	75475	7547575475
Jennifer	Jennifer	Jennifer@gmail.com	75575	7557575575
Steve	Steve	Steve@gmail.com	75675	7567575675
Lashawnda	Lashawnda	Lashawnda@gmail.com	75775	7577575775
Jeri	Jeri	Jeri@gmail.com	75875	7587575875
Andrea	Andrea	Andrea@gmail.com	75975	7597575975
Nicole	Nicole	Nicole@gmail.com	76076	7607676076
Jennifer	Jennifer	Jennifer@gmail.com	76176	7617676176
Teresa	Teresa	Teresa@gmail.com	76276	7627676276
Gina	Gina	Gina@gmail.com	76376	7637676376
Sunshine	Sunshine	Sunshine@gmail.com	76476	7647676476
Lori	Lori	Lori@gmail.com	76576	7657676576
Jenny	Jenny	Jenny@gmail.com	76676	7667676676
Kara	Kara	Kara@gmail.com	76776	7677676776
Samantha	Samantha	Samantha@gmail.com	76876	7687676876
Aglaee	Aglaee	Aglaee@gmail.com	76976	7697676976
Prima	Prima	Prima@gmail.com	77077	7707777077
Brittany	Brittany	Brittany@gmail.com	77177	7717777177
Kasey	Kasey	Kasey@gmail.com	77277	7727777277
Courtney	Courtney	Courtney@gmail.com	77377	7737777377
Dino	Dino	Dino@gmail.com	77477	7747777477
Sabrina	Sabrina	Sabrina@gmail.com	77577	7757777577
Larry	Larry	Larry@gmail.com	77677	7767777677
Samuel	Samuel	Samuel@gmail.com	77777	7777777777
Marie	Marie	Marie@gmail.com	77877	7787777877
Jodi	Jodi	Jodi@gmail.com	77977	7797777977
Nadia	Nadia	Nadia@gmail.com	78078	7807878078
Stephanie	Stephanie	Stephanie@gmail.com	78178	7817878178
Frances	Frances	Frances@gmail.com	78278	7827878278
Toya	Toya	Toya@gmail.com	78378	7837878378
Patricia	Patricia	Patricia@gmail.com	78478	7847878478
Sophie	Sophie	Sophie@gmail.com	78578	7857878578
Georgia	Georgia	Georgia@gmail.com	78678	7867878678
Kayla	Kayla	Kayla@gmail.com	78778	7877878778
Shannon	Shannon	Shannon@gmail.com	78878	7887878878
Erika	Erika	Erika@gmail.com	78978	7897878978
Laura	Laura	Laura@gmail.com	79079	7907979079
Jeff	Jeff	Jeff@gmail.com	79179	7917979179
Cynthia	Cynthia	Cynthia@gmail.com	79279	7927979279
Jasmine	Jasmine	Jasmine@gmail.com	79379	7937979379
